{"name":"Cargo Ship","description":"","date":"2022-02-07T19:03:27.8149478+08:00","objFileList":["EverGiven","Container"],"data":["{\"type\":4,\"name\":\"EverGiven\",\"position\":\"(32.07716000, 0.00000000, 5.81670100)\",\"eulerAngles\":\"(0.00000000, 90.00000000, 0.00000000)\",\"scale\":\"(0.50000000, 0.50000000, 0.50000000)\",\"isRigidbody\":false}","{\"type\":4,\"name\":\"Container\",\"position\":\"(-26.00000000, 0.00000000, -1.00000000)\",\"eulerAngles\":\"(0.00000000, 0.00000000, 0.00000000)\",\"scale\":\"(0.01000000, 0.01000000, 0.01000000)\",\"isRigidbody\":true,\"fixPositionX\":false,\"fixPositionY\":false,\"fixPositionZ\":false,\"fixRotationX\":false,\"fixRotationY\":false,\"fixRotationZ\":false,\"useGravity\":true}","{\"type\":4,\"name\":\"Container\",\"position\":\"(-31.00000000, 0.00000000, -1.00000000)\",\"eulerAngles\":\"(0.00000000, 0.00000000, 0.00000000)\",\"scale\":\"(0.01000000, 0.01000000, 0.01000000)\",\"isRigidbody\":true,\"fixPositionX\":false,\"fixPositionY\":false,\"fixPositionZ\":false,\"fixRotationX\":false,\"fixRotationY\":false,\"fixRotationZ\":false,\"useGravity\":true}","{\"type\":4,\"name\":\"Container\",\"position\":\"(-21.00000000, 0.00000000, -1.00000000)\",\"eulerAngles\":\"(0.00000000, 0.00000000, 0.00000000)\",\"scale\":\"(0.01000000, 0.01000000, 0.01000000)\",\"isRigidbody\":true,\"fixPositionX\":false,\"fixPositionY\":false,\"fixPositionZ\":false,\"fixRotationX\":false,\"fixRotationY\":false,\"fixRotationZ\":false,\"useGravity\":true}"]}