{"name":"Iron Man","description":"","date":"2022-02-07T19:03:45.6166771+08:00","objFileList":["IronMan","Arc Reactor","Storage rack"],"data":["{\"type\":4,\"name\":\"IronMan\",\"position\":\"(-0.84144650, -0.21663190, -28.18276000)\",\"eulerAngles\":\"(0.00000000, 0.00000000, 0.00000000)\",\"scale\":\"(0.20000000, 0.20000000, 0.20000000)\",\"isRigidbody\":false}","{\"type\":4,\"name\":\"Arc Reactor\",\"position\":\"(-32.80383000, 27.01717000, -1.39543700)\",\"eulerAngles\":\"(0.00000000, 0.00000000, 304.94520000)\",\"scale\":\"(1.00000000, 1.00000000, 1.00000000)\",\"isRigidbody\":true,\"fixPositionX\":true,\"fixPositionY\":true,\"fixPositionZ\":true,\"fixRotationX\":true,\"fixRotationY\":true,\"fixRotationZ\":true,\"useGravity\":false}","{\"type\":4,\"name\":\"Storage rack\",\"position\":\"(-37.13700000, 10.83864000, 0.00000000)\",\"eulerAngles\":\"(0.00000000, 0.00000000, 0.00000000)\",\"scale\":\"(0.10000000, 0.10000000, 0.10000000)\",\"isRigidbody\":true,\"fixPositionX\":false,\"fixPositionY\":false,\"fixPositionZ\":false,\"fixRotationX\":false,\"fixRotationY\":false,\"fixRotationZ\":false,\"useGravity\":true}"]}