{"name":"Park","description":"","date":"2022-01-05T17:39:54.2912984+08:00","objFileList":["moto","Car3"],"data":["{\"type\":4,\"name\":\"moto\",\"position\":\"(1.63237600, 5.00000000, -40.84687000)\",\"eulerAngles\":\"(0.00000000, 80.72379000, 0.00000000)\",\"scale\":\"(-1.00000000, 1.00000000, 1.00000000)\",\"isRigidbody\":true,\"fixPositionX\":false,\"fixPositionY\":false,\"fixPositionZ\":false,\"fixRotationX\":false,\"fixRotationY\":false,\"fixRotationZ\":false,\"useGravity\":true}","{\"type\":4,\"name\":\"Car3\",\"position\":\"(20.00000000, 5.00000000, -20.28562000)\",\"eulerAngles\":\"(0.00000000, 0.00000000, 0.00000000)\",\"scale\":\"(-1.00000000, 1.00000000, 1.00000000)\",\"isRigidbody\":false}"]}